[
    {
        "client_msg_id": "22b843f3-b7b9-4771-848c-d71d3469f56b",
        "type": "message",
        "text": "<https:\/\/github.com\/MITIN33\/NeighbourFoodAndroid.git>",
        "user": "UC3FZ2LRZ",
        "ts": "1533919376.000064",
        "attachments": [
            {
                "service_name": "GitHub",
                "title": "MITIN33\/NeighbourFoodAndroid",
                "title_link": "https:\/\/github.com\/MITIN33\/NeighbourFoodAndroid.git",
                "text": "Contribute to NeighbourFoodAndroid development by creating an account on Github.",
                "fallback": "GitHub: MITIN33\/NeighbourFoodAndroid",
                "from_url": "https:\/\/github.com\/MITIN33\/NeighbourFoodAndroid.git",
                "thumb_url": "https:\/\/avatars1.githubusercontent.com\/u\/4270883?s=400&v=4",
                "thumb_width": 250,
                "thumb_height": 250,
                "service_icon": "https:\/\/a.slack-edge.com\/bfaba\/img\/unfurl_icons\/github.png",
                "id": 1,
                "original_url": "https:\/\/github.com\/MITIN33\/NeighbourFoodAndroid.git"
            }
        ]
    },
    {
        "user": "UC5AD4JFK",
        "type": "message",
        "subtype": "channel_join",
        "ts": "1533920667.000180",
        "text": "<@UC5AD4JFK> has joined the channel",
        "inviter": "UC2U9EAFJ"
    },
    {
        "client_msg_id": "9db46102-0d98-41a8-a9d8-9fdff7903e64",
        "type": "message",
        "text": "<https:\/\/s3.amazonaws.com\/assets.mockflow.com\/app\/wireframepro\/fileexport\/Export_Dd0ba112195ac09aa68ec98de8f8109d0.pdf>",
        "user": "UC3FZ2LRZ",
        "ts": "1533936399.000176"
    },
    {
        "client_msg_id": "364e613d-f45e-4873-ad9e-bcbc44d4c6f4",
        "type": "message",
        "text": "<https:\/\/www.learnentityframeworkcore.com\/migrations>",
        "user": "UC3FZ2LRZ",
        "ts": "1533948581.000047",
        "attachments": [
            {
                "title": "Entity Framework Core Migrations | Learn Entity Framework Core",
                "title_link": "https:\/\/www.learnentityframeworkcore.com\/migrations",
                "text": "The migrations feature in Entity Framework Core enables you to make changes to your model and then propagate those changes to your database schema.",
                "fallback": "Entity Framework Core Migrations | Learn Entity Framework Core",
                "from_url": "https:\/\/www.learnentityframeworkcore.com\/migrations",
                "service_icon": "https:\/\/www.learnentityframeworkcore.com\/favicon.ico",
                "service_name": "learnentityframeworkcore.com",
                "id": 1,
                "original_url": "https:\/\/www.learnentityframeworkcore.com\/migrations"
            }
        ]
    },
    {
        "client_msg_id": "656207ad-47cf-4f98-8f41-9105c34bdc25",
        "type": "message",
        "text": "<https:\/\/docs.microsoft.com\/en-us\/ef\/core\/get-started\/aspnetcore\/new-db>",
        "user": "UC3FZ2LRZ",
        "ts": "1533948611.000078",
        "attachments": [
            {
                "title": "Getting Started on ASP.NET Core - New database - EF Core",
                "title_link": "https:\/\/docs.microsoft.com\/en-us\/ef\/core\/get-started\/aspnetcore\/new-db",
                "fallback": "Getting Started on ASP.NET Core - New database - EF Core",
                "image_url": "https:\/\/docs.microsoft.com\/_themes\/docs.theme\/master\/en-us\/_themes\/images\/microsoft-header.png",
                "from_url": "https:\/\/docs.microsoft.com\/en-us\/ef\/core\/get-started\/aspnetcore\/new-db",
                "image_width": 128,
                "image_height": 128,
                "image_bytes": 802,
                "service_icon": "https:\/\/docs.microsoft.com\/favicon.ico",
                "service_name": "docs.microsoft.com",
                "id": 1,
                "original_url": "https:\/\/docs.microsoft.com\/en-us\/ef\/core\/get-started\/aspnetcore\/new-db"
            }
        ]
    },
    {
        "client_msg_id": "93955f59-f4ae-494d-9977-73278a1f73ac",
        "type": "message",
        "text": "<https:\/\/github.com\/MITIN33\/neighbourbackend>",
        "user": "UC3FZ2LRZ",
        "ts": "1533949305.000074",
        "attachments": [
            {
                "service_name": "GitHub",
                "title": "MITIN33\/neighbourbackend",
                "title_link": "https:\/\/github.com\/MITIN33\/neighbourbackend",
                "text": "Contribute to neighbourbackend development by creating an account on Github.",
                "fallback": "GitHub: MITIN33\/neighbourbackend",
                "from_url": "https:\/\/github.com\/MITIN33\/neighbourbackend",
                "thumb_url": "https:\/\/avatars1.githubusercontent.com\/u\/4270883?s=400&v=4",
                "thumb_width": 250,
                "thumb_height": 250,
                "service_icon": "https:\/\/a.slack-edge.com\/bfaba\/img\/unfurl_icons\/github.png",
                "id": 1,
                "original_url": "https:\/\/github.com\/MITIN33\/neighbourbackend"
            }
        ]
    },
    {
        "client_msg_id": "714ff02f-74d4-465b-a48b-bc54b28f35cf",
        "type": "message",
        "text": "sample project with data base",
        "user": "UC3FZ2LRZ",
        "ts": "1533949313.000040"
    }
]