[
    {
        "client_msg_id": "9849b664-3cdf-4f0c-a2e0-5d332d1dcc51",
        "type": "message",
        "text": "INSERT [dbo].[__EFMigrationsHistory] ([MigrationId], [ProductVersion]) VALUES (N'20180811182834_newSetup', N'2.0.0-rtm-26452')\nINSERT [dbo].[__EFMigrationsHistory] ([MigrationId], [ProductVersion]) VALUES (N'20180811200251_wert', N'2.0.0-rtm-26452')\nINSERT [dbo].[__EFMigrationsHistory] ([MigrationId], [ProductVersion]) VALUES (N'20180811200644_wert', N'2.0.0-rtm-26452')\nINSERT [dbo].[__EFMigrationsHistory] ([MigrationId], [ProductVersion]) VALUES (N'20180811203148_wert1', N'2.0.0-rtm-26452')\nINSERT [dbo].[Apartments] ([apartmentID], [apartmentName]) VALUES (N'849eff55-e94f-444a-9bd2-8b963d863428', N'123')\nINSERT [dbo].[Flats] ([flatID], [FlatNumber], [apartmentID]) VALUES (N'09812300-b1f0-46dc-bc87-b5bde718707b', N'124', N'849eff55-e94f-444a-9bd2-8b963d863428')\nINSERT [dbo].[Flats] ([flatID], [FlatNumber], [apartmentID]) VALUES (N'5e374147-58bf-4646-981d-8aca61c0776d', N'123', N'849eff55-e94f-444a-9bd2-8b963d863428')\nINSERT [dbo].[FoodItems] ([itemID], [itemDesc], [itemName]) VALUES (N'16ed7eea-e256-4e90-9c28-69108503a8a1', N'Burger', N'Burger')\nINSERT [dbo].[FoodItems] ([itemID], [itemDesc], [itemName]) VALUES (N'4c165ebc-5221-42a7-a853-4a528bd44085', N'PapdiChaat', N'PapdiChaat')\nINSERT [dbo].[FoodItems] ([itemID], [itemDesc], [itemName]) VALUES (N'99542e2c-355c-4f09-8515-3e92f3dc33b4', N'Pizza', N'Pizza')\nINSERT [dbo].[FoodItems] ([itemID], [itemDesc], [itemName]) VALUES (N'cb698874-d880-4009-b6a4-55e9efce51f4', N'PavBhaji', N'PavBhaji')\nINSERT [dbo].[FoodItems] ([itemID], [itemDesc], [itemName]) VALUES (N'e7c48c65-c8ca-4a56-a201-9ed0f8c01fc0', N'CholeBhature', N'CholeBhature')\nINSERT [dbo].[SellerItems] ([SellerItemID], [endTime], [itemID], [quantity], [sellerID], [servedFor], [startTime]) VALUES (N'03494c33-9c85-45ba-89d3-886758931e09', CAST(N'0001-01-01T00:00:00.0000000' AS DateTime2), N'16ed7eea-e256-4e90-9c28-69108503a8a1', 2, N'HhpfrCqH7yaGt48bIyoSZUgIbT03', 0, CAST(N'0001-01-01T00:00:00.0000000' AS DateTime2))\nINSERT [dbo].[SellerItems] ([SellerItemID], [endTime], [itemID], [quantity], [sellerID], [servedFor], [startTime]) VALUES (N'16293ab6-2edd-4316-bbef-1918c2ba3768', CAST(N'0001-01-01T00:00:00.0000000' AS DateTime2), N'16ed7eea-e256-4e90-9c28-69108503a8a1', 2, N'fq4HdrjJ7gRCaf61dkNxui74lLw1', 0, CAST(N'0001-01-01T00:00:00.0000000' AS DateTime2))\nINSERT [dbo].[Users] ([userUid], [apartmentID], [flatID], [userName]) VALUES (N'fq4HdrjJ7gRCaf61dkNxui74lLw1', N'849eff55-e94f-444a-9bd2-8b963d863428', N'5e374147-58bf-4646-981d-8aca61c0776d', N'mitind')\nINSERT [dbo].[Users] ([userUid], [apartmentID], [flatID], [userName]) VALUES (N'HhpfrCqH7yaGt48bIyoSZUgIbT03', N'849eff55-e94f-444a-9bd2-8b963d863428', N'09812300-b1f0-46dc-bc87-b5bde718707b', N'architCool')\nINSERT [dbo].[Users] ([userUid], [apartmentID], [flatID], [userName]) VALUES (N'oaHpIqp0fxeCtuueOk0LZNL2MlB2', N'849eff55-e94f-444a-9bd2-8b963d863428', N'102', N'Sucheta Panchhi'",
        "user": "UC3FZ2LRZ",
        "ts": "1534177660.000470"
    },
    {
        "client_msg_id": "8e9a40a4-9a19-45d1-b825-cdbb87e275ec",
        "type": "message",
        "text": "INSERT [dbo].[__EFMigrationsHistory] ([MigrationId], [ProductVersion]) VALUES (N'20180811182834_newSetup', N'2.0.0-rtm-26452')\nINSERT [dbo].[__EFMigrationsHistory] ([MigrationId], [ProductVersion]) VALUES (N'20180811200251_wert', N'2.0.0-rtm-26452')\nINSERT [dbo].[__EFMigrationsHistory] ([MigrationId], [ProductVersion]) VALUES (N'20180811200644_wert', N'2.0.0-rtm-26452')\nINSERT [dbo].[__EFMigrationsHistory] ([MigrationId], [ProductVersion]) VALUES (N'20180811203148_wert1', N'2.0.0-rtm-26452')\nINSERT [dbo].[Apartments] ([apartmentID], [apartmentName]) VALUES (N'849eff55-e94f-444a-9bd2-8b963d863428', N'123')\nINSERT [dbo].[Flats] ([FlatNumber], [apartmentID]) VALUES (N'124', N'849eff55-e94f-444a-9bd2-8b963d863428')\nINSERT [dbo].[Flats] ([FlatNumber], [apartmentID]) VALUES (N'123', N'849eff55-e94f-444a-9bd2-8b963d863428')\nINSERT [dbo].[FoodItems] ([itemID], [itemDesc], [itemName]) VALUES (N'16ed7eea-e256-4e90-9c28-69108503a8a1', N'Burger', N'Burger')\nINSERT [dbo].[FoodItems] ([itemID], [itemDesc], [itemName]) VALUES (N'4c165ebc-5221-42a7-a853-4a528bd44085', N'PapdiChaat', N'PapdiChaat')\nINSERT [dbo].[FoodItems] ([itemID], [itemDesc], [itemName]) VALUES (N'99542e2c-355c-4f09-8515-3e92f3dc33b4', N'Pizza', N'Pizza')\nINSERT [dbo].[FoodItems] ([itemID], [itemDesc], [itemName]) VALUES (N'cb698874-d880-4009-b6a4-55e9efce51f4', N'PavBhaji', N'PavBhaji')\nINSERT [dbo].[FoodItems] ([itemID], [itemDesc], [itemName]) VALUES (N'e7c48c65-c8ca-4a56-a201-9ed0f8c01fc0', N'CholeBhature', N'CholeBhature')\nINSERT [dbo].[SellerItems] ([SellerItemID], [endTime], [itemID], [quantity], [sellerID], [servedFor], [startTime]) VALUES (N'03494c33-9c85-45ba-89d3-886758931e09', CAST(N'0001-01-01T00:00:00.0000000' AS DateTime2), N'16ed7eea-e256-4e90-9c28-69108503a8a1', 2, N'HhpfrCqH7yaGt48bIyoSZUgIbT03', 0, CAST(N'0001-01-01T00:00:00.0000000' AS DateTime2))\nINSERT [dbo].[SellerItems] ([SellerItemID], [endTime], [itemID], [quantity], [sellerID], [servedFor], [startTime]) VALUES (N'16293ab6-2edd-4316-bbef-1918c2ba3768', CAST(N'0001-01-01T00:00:00.0000000' AS DateTime2), N'16ed7eea-e256-4e90-9c28-69108503a8a1', 2, N'fq4HdrjJ7gRCaf61dkNxui74lLw1', 0, CAST(N'0001-01-01T00:00:00.0000000' AS DateTime2))\nINSERT [dbo].[Users] ([userUid], [apartmentID], [userName]) VALUES (N'fq4HdrjJ7gRCaf61dkNxui74lLw1', N'123', N'5e374147-58bf-4646-981d-8aca61c0776d', N'mitind')\nINSERT [dbo].[Users] ([userUid], [apartmentID], [userName]) VALUES (N'HhpfrCqH7yaGt48bIyoSZUgIbT03', N'124', N'09812300-b1f0-46dc-bc87-b5bde718707b', N'architCool')\nINSERT [dbo].[Users] ([userUid], [apartmentID], [userName]) VALUES (N'oaHpIqp0fxeCtuueOk0LZNL2MlB2', N'123', N'102', N'Sucheta Panchhi'",
        "user": "UC2U9EAFJ",
        "ts": "1534178789.000241"
    },
    {
        "client_msg_id": "d415b239-a9da-46ef-84bf-6e0fb24b885d",
        "type": "message",
        "text": "INSERT [dbo].[Apartments] ([apartmentID], [apartmentName]) VALUES (N'849eff55-e94f-444a-9bd2-8b963d863428', N'123')\nINSERT [dbo].[Flats] ([FlatNumber], [apartmentID]) VALUES (N'124', N'849eff55-e94f-444a-9bd2-8b963d863428')\nINSERT [dbo].[Flats] ([FlatNumber], [apartmentID]) VALUES (N'123', N'849eff55-e94f-444a-9bd2-8b963d863428')\nINSERT [dbo].[FoodItems] ([itemID], [itemDesc], [itemName]) VALUES (N'16ed7eea-e256-4e90-9c28-69108503a8a1', N'Burger', N'Burger')\nINSERT [dbo].[FoodItems] ([itemID], [itemDesc], [itemName]) VALUES (N'4c165ebc-5221-42a7-a853-4a528bd44085', N'PapdiChaat', N'PapdiChaat')\nINSERT [dbo].[FoodItems] ([itemID], [itemDesc], [itemName]) VALUES (N'99542e2c-355c-4f09-8515-3e92f3dc33b4', N'Pizza', N'Pizza')\nINSERT [dbo].[FoodItems] ([itemID], [itemDesc], [itemName]) VALUES (N'cb698874-d880-4009-b6a4-55e9efce51f4', N'PavBhaji', N'PavBhaji')\nINSERT [dbo].[FoodItems] ([itemID], [itemDesc], [itemName]) VALUES (N'e7c48c65-c8ca-4a56-a201-9ed0f8c01fc0', N'CholeBhature', N'CholeBhature')\nINSERT [dbo].[SellerItems] ([SellerItemID], [endTime], [itemID], [quantity], [sellerID], [servedFor], [startTime]) VALUES (N'03494c33-9c85-45ba-89d3-886758931e09', CAST(N'0001-01-01T00:00:00.0000000' AS DateTime2), N'16ed7eea-e256-4e90-9c28-69108503a8a1', 2, N'HhpfrCqH7yaGt48bIyoSZUgIbT03', 0, CAST(N'0001-01-01T00:00:00.0000000' AS DateTime2))\nINSERT [dbo].[SellerItems] ([SellerItemID], [endTime], [itemID], [quantity], [sellerID], [servedFor], [startTime]) VALUES (N'16293ab6-2edd-4316-bbef-1918c2ba3768', CAST(N'0001-01-01T00:00:00.0000000' AS DateTime2), N'16ed7eea-e256-4e90-9c28-69108503a8a1', 2, N'fq4HdrjJ7gRCaf61dkNxui74lLw1', 0, CAST(N'0001-01-01T00:00:00.0000000' AS DateTime2))\nINSERT [dbo].[Users] ([userUid], [flatNumber], [apartmentID], [userName]) VALUES (N'fq4HdrjJ7gRCaf61dkNxui74lLw1', N'123', N'5e374147-58bf-4646-981d-8aca61c0776d', N'mitind')\nINSERT [dbo].[Users] ([userUid], [flatNumber], [apartmentID], [userName]) VALUES (N'HhpfrCqH7yaGt48bIyoSZUgIbT03', N'124', N'09812300-b1f0-46dc-bc87-b5bde718707b', N'architCool')\nINSERT [dbo].[Users] ([userUid], [flatNumber], [apartmentID], [userName]) VALUES (N'oaHpIqp0fxeCtuueOk0LZNL2MlB2', N'123', N'102', N'Sucheta Panchhi')",
        "user": "UC3FZ2LRZ",
        "ts": "1534179624.000041"
    }
]