[
    {
        "user": "UC2U9EAFJ",
        "type": "message",
        "subtype": "channel_join",
        "ts": "1533581022.000242",
        "text": "<@UC2U9EAFJ> has joined the channel"
    },
    {
        "user": "UC3FZ2LRZ",
        "type": "message",
        "subtype": "channel_join",
        "ts": "1533581023.000190",
        "text": "<@UC3FZ2LRZ> has joined the channel",
        "inviter": "UC2U9EAFJ"
    },
    {
        "client_msg_id": "d0df4dd6-0bfb-4adf-85ed-4656d592d0f4",
        "type": "message",
        "text": "<https:\/\/medium.com\/@austinhale\/building-a-mobile-app-in-10-days-with-react-native-c2a7a524c6b4>",
        "user": "UC2U9EAFJ",
        "ts": "1533581027.000282",
        "attachments": [
            {
                "service_name": "Medium",
                "title": "Building a Mobile App in 10 Days with React Native – Austin Hale – Medium",
                "title_link": "https:\/\/medium.com\/@austinhale\/building-a-mobile-app-in-10-days-with-react-native-c2a7a524c6b4",
                "text": "Note: This is an ongoing series of blog posts detailing how we made an iOS &amp; Android mobile app in 10 days. Feel free to follow me here or…",
                "fallback": "Medium: Building a Mobile App in 10 Days with React Native – Austin Hale – Medium",
                "image_url": "https:\/\/cdn-images-1.medium.com\/max\/1200\/1*gyr5EOhxd17hPf5SY_KXYA.jpeg",
                "fields": [
                    {
                        "title": "Reading time",
                        "value": "6 min read",
                        "short": true
                    }
                ],
                "ts": 1520723923,
                "from_url": "https:\/\/medium.com\/@austinhale\/building-a-mobile-app-in-10-days-with-react-native-c2a7a524c6b4",
                "image_width": 741,
                "image_height": 250,
                "image_bytes": 129867,
                "service_icon": "https:\/\/cdn-images-1.medium.com\/fit\/c\/304\/304\/1*8I-HPL0bfoIzGied-dzOvA.png",
                "id": 1,
                "original_url": "https:\/\/medium.com\/@austinhale\/building-a-mobile-app-in-10-days-with-react-native-c2a7a524c6b4"
            }
        ]
    },
    {
        "client_msg_id": "b0cd38a7-fa48-4a67-aed3-23c4f4c56804",
        "type": "message",
        "text": "<http:\/\/facebook.github.io\/react-native\/docs\/getting-started.html>",
        "user": "UC2U9EAFJ",
        "ts": "1533581261.000345"
    },
    {
        "client_msg_id": "ac9f7a2a-b676-429a-b758-a288c3578d15",
        "type": "message",
        "text": "<https:\/\/www.raywenderlich.com\/178012\/react-native-tutorial-building-android-apps-javascript>",
        "user": "UC3FZ2LRZ",
        "ts": "1533581696.000059",
        "attachments": [
            {
                "service_name": "Ray Wenderlich",
                "title": "React Native Tutorial: Building Android Apps with JavaScript | Ray Wenderlich",
                "title_link": "https:\/\/www.raywenderlich.com\/178012\/react-native-tutorial-building-android-apps-javascript",
                "text": "In this React Native tutorial you'll learn how to build native apps based on the hugely popular React JavaScript library, with a focus on Android.",
                "fallback": "Ray Wenderlich: React Native Tutorial: Building Android Apps with JavaScript | Ray Wenderlich",
                "image_url": "https:\/\/koenig-media.raywenderlich.com\/uploads\/2018\/01\/React-twitter-4.png",
                "from_url": "https:\/\/www.raywenderlich.com\/178012\/react-native-tutorial-building-android-apps-javascript",
                "image_width": 500,
                "image_height": 250,
                "image_bytes": 180302,
                "service_icon": "https:\/\/www.raywenderlich.com\/favicon.ico",
                "id": 1,
                "original_url": "https:\/\/www.raywenderlich.com\/178012\/react-native-tutorial-building-android-apps-javascript"
            }
        ]
    },
    {
        "client_msg_id": "ea4e14e8-c779-48b7-b3cf-c7a832e2488a",
        "type": "message",
        "text": "<https:\/\/facebook.github.io\/react-native\/docs\/getting-started.html>",
        "user": "UC3FZ2LRZ",
        "ts": "1533581720.000315"
    },
    {
        "client_msg_id": "a42a7f63-b51c-464f-bc15-d567e7bb1dae",
        "type": "message",
        "text": "<https:\/\/themindstudios.com\/blog\/comparison-react-native-vs-native-app-development\/>",
        "user": "UC2U9EAFJ",
        "ts": "1533581794.000458",
        "attachments": [
            {
                "service_name": "Blog - Mind Studios",
                "title": "Comparison: React Native vs Native App Development - Mind Studios",
                "title_link": "https:\/\/themindstudios.com\/blog\/comparison-react-native-vs-native-app-development\/",
                "text": "Mobile development - Hybrid or Native? Which benefits has each one, and what is this new React Native RoR framework everyone goes crazy about? Get to know here.",
                "fallback": "Blog - Mind Studios: Comparison: React Native vs Native App Development - Mind Studios",
                "image_url": "https:\/\/themindstudios.com\/blog\/content\/images\/2017\/09\/React-Native-vs-Native-1.jpg",
                "image_width": 333,
                "image_height": 250,
                "fields": [
                    {
                        "title": "Written by",
                        "value": "Elina Bessarabova",
                        "short": true
                    },
                    {
                        "title": "Filed under",
                        "value": "Tech &amp; Trends",
                        "short": true
                    }
                ],
                "ts": 1506517963,
                "from_url": "https:\/\/themindstudios.com\/blog\/comparison-react-native-vs-native-app-development\/",
                "image_bytes": 109744,
                "service_icon": "https:\/\/themindstudios.com\/favicon.ico",
                "id": 1,
                "original_url": "https:\/\/themindstudios.com\/blog\/comparison-react-native-vs-native-app-development\/"
            }
        ]
    },
    {
        "client_msg_id": "d8c24534-6db7-4029-a0bd-1d30827b3153",
        "type": "message",
        "text": "<https:\/\/www.agriya.com\/blog\/mobile-app-development-is-react-native-worth-it\/>",
        "user": "UC2U9EAFJ",
        "ts": "1533581944.000347",
        "attachments": [
            {
                "service_name": "Agriya Blog",
                "title": "Mobile App development: Is React Native worth it?",
                "title_link": "https:\/\/www.agriya.com\/blog\/mobile-app-development-is-react-native-worth-it\/",
                "text": "An in-depth analysis of the various features of React Native and how it is beneficial in terms of mobile application development",
                "fallback": "Agriya Blog: Mobile App development: Is React Native worth it?",
                "image_url": "https:\/\/www.agriya.com\/blog\/wp-content\/uploads\/2017\/08\/mobile-app-development-worth.png",
                "image_width": 462,
                "image_height": 250,
                "ts": 1502464996,
                "from_url": "https:\/\/www.agriya.com\/blog\/mobile-app-development-is-react-native-worth-it\/",
                "image_bytes": 230122,
                "id": 1,
                "original_url": "https:\/\/www.agriya.com\/blog\/mobile-app-development-is-react-native-worth-it\/"
            }
        ]
    },
    {
        "client_msg_id": "d08a897a-bbe8-425e-878e-78846cc730cd",
        "type": "message",
        "text": "<https:\/\/medium.com\/@nevin_61019\/creating-and-opening-your-react-native-project-in-android-studio-for-mac-db9b529cca28>",
        "user": "UC2U9EAFJ",
        "ts": "1533583447.000028",
        "attachments": [
            {
                "service_name": "Medium",
                "title": "Creating and opening your react-native project in Android studio (for Mac)",
                "title_link": "https:\/\/medium.com\/@nevin_61019\/creating-and-opening-your-react-native-project-in-android-studio-for-mac-db9b529cca28",
                "text": "I’m going to share exactly how to get your app up and running. There are a lot of places to get lost and confused on your first project, I…",
                "fallback": "Medium: Creating and opening your react-native project in Android studio (for Mac)",
                "fields": [
                    {
                        "title": "Reading time",
                        "value": "3 min read",
                        "short": true
                    }
                ],
                "ts": 1518140969,
                "from_url": "https:\/\/medium.com\/@nevin_61019\/creating-and-opening-your-react-native-project-in-android-studio-for-mac-db9b529cca28",
                "service_icon": "https:\/\/cdn-images-1.medium.com\/fit\/c\/304\/304\/1*8I-HPL0bfoIzGied-dzOvA.png",
                "id": 1,
                "original_url": "https:\/\/medium.com\/@nevin_61019\/creating-and-opening-your-react-native-project-in-android-studio-for-mac-db9b529cca28"
            }
        ]
    },
    {
        "client_msg_id": "1d947aeb-4014-4620-a3f3-365674c127a5",
        "type": "message",
        "text": "<https:\/\/stackoverflow.com\/questions\/44446523\/unable-to-load-script-from-assets-index-android-bundle-on-windows>",
        "user": "UC3FZ2LRZ",
        "ts": "1533591109.000100",
        "attachments": [
            {
                "service_name": "Stack Overflow",
                "title": "Unable to load script from assets index.android.bundle on windows",
                "title_link": "https:\/\/stackoverflow.com\/questions\/44446523\/unable-to-load-script-from-assets-index-android-bundle-on-windows",
                "text": "I'm trying to run my first react native project for first time on my device (android 4.2.2). And I get: unable to load script from assets index.android.bundle Commands that I used: cd (project",
                "fallback": "Stack Overflow: Unable to load script from assets index.android.bundle on windows",
                "thumb_url": "https:\/\/cdn.sstatic.net\/Sites\/stackoverflow\/img\/apple-touch-icon@2.png?v=73d79a89bded",
                "from_url": "https:\/\/stackoverflow.com\/questions\/44446523\/unable-to-load-script-from-assets-index-android-bundle-on-windows",
                "thumb_width": 316,
                "thumb_height": 316,
                "service_icon": "https:\/\/cdn.sstatic.net\/Sites\/stackoverflow\/img\/favicon.ico?v=4f32ecc8f43d",
                "id": 1,
                "original_url": "https:\/\/stackoverflow.com\/questions\/44446523\/unable-to-load-script-from-assets-index-android-bundle-on-windows"
            }
        ]
    }
]