[
    {
        "client_msg_id": "eb01db17-ed7f-4a40-95bf-75f6500b8769",
        "type": "message",
        "text": "<https:\/\/github.com\/AndroConsis\/Food-Delivery-App>",
        "user": "UC3FZ2LRZ",
        "ts": "1533643524.000029",
        "attachments": [
            {
                "service_name": "GitHub",
                "title": "AndroConsis\/Food-Delivery-App",
                "title_link": "https:\/\/github.com\/AndroConsis\/Food-Delivery-App",
                "text": "Food-Delivery-App - Swiggy Clone with React-Native",
                "fallback": "GitHub: AndroConsis\/Food-Delivery-App",
                "from_url": "https:\/\/github.com\/AndroConsis\/Food-Delivery-App",
                "thumb_url": "https:\/\/avatars1.githubusercontent.com\/u\/17869901?s=400&v=4",
                "thumb_width": 250,
                "thumb_height": 250,
                "service_icon": "https:\/\/a.slack-edge.com\/bfaba\/img\/unfurl_icons\/github.png",
                "id": 1,
                "original_url": "https:\/\/github.com\/AndroConsis\/Food-Delivery-App"
            }
        ]
    }
]