[
    {
        "client_msg_id": "4b186d4c-8b17-47eb-97b6-238be752c269",
        "type": "message",
        "text": "HhpfrCqH7yaGt48bIyoSZUgIbT03",
        "user": "UC3FZ2LRZ",
        "ts": "1534004999.000071"
    },
    {
        "client_msg_id": "3b5e72b0-d85f-459e-bb77-e697080fc0ed",
        "type": "message",
        "text": "<http:\/\/www.entityframeworktutorial.net\/efcore\/querying-in-ef-core.aspx>",
        "user": "UC3FZ2LRZ",
        "ts": "1534006654.000074",
        "attachments": [
            {
                "title": "  Querying in Entity Framework Core ",
                "title_link": "http:\/\/www.entityframeworktutorial.net\/efcore\/querying-in-ef-core.aspx",
                "text": "Querying in Entity Framework Core remains the same as EF 6.x with more optimized SQL queries and the ability to include C#\/VB.NET functions into LINQ-to-Entities queries.",
                "fallback": "  Querying in Entity Framework Core ",
                "from_url": "http:\/\/www.entityframeworktutorial.net\/efcore\/querying-in-ef-core.aspx",
                "service_icon": "http:\/\/www.entityframeworktutorial.net\/favicon.ico",
                "service_name": "entityframeworktutorial.net",
                "id": 1,
                "original_url": "http:\/\/www.entityframeworktutorial.net\/efcore\/querying-in-ef-core.aspx"
            }
        ]
    },
    {
        "client_msg_id": "9df170c5-0e8b-4f98-b777-33f08cbc6dcb",
        "type": "message",
        "text": "<https:\/\/www.learnentityframeworkcore.com\/configuration\/data-annotation-attributes\/foreignkey-attribute>",
        "user": "UC3FZ2LRZ",
        "ts": "1534008719.000020",
        "attachments": [
            {
                "title": "The ForeignKey Attribute | Learn Entity Framework Core",
                "title_link": "https:\/\/www.learnentityframeworkcore.com\/configuration\/data-annotation-attributes\/foreignkey-attribute",
                "text": "Usage of the ForeignKey Attribute in Entity Framework Core",
                "fallback": "The ForeignKey Attribute | Learn Entity Framework Core",
                "from_url": "https:\/\/www.learnentityframeworkcore.com\/configuration\/data-annotation-attributes\/foreignkey-attribute",
                "service_icon": "https:\/\/www.learnentityframeworkcore.com\/favicon.ico",
                "service_name": "learnentityframeworkcore.com",
                "id": 1,
                "original_url": "https:\/\/www.learnentityframeworkcore.com\/configuration\/data-annotation-attributes\/foreignkey-attribute"
            }
        ]
    },
    {
        "client_msg_id": "c0852fee-aaf6-4481-b3e1-ab6035b0584c",
        "type": "message",
        "text": "{\n\t\"FlatNumber\":\"123\",\n\t\"apartmentID\":\"123\",\n\t\n}",
        "user": "UC2U9EAFJ",
        "ts": "1534009719.000067"
    },
    {
        "client_msg_id": "75eb98e5-cd95-497e-8fad-edc5e0c10ffd",
        "type": "message",
        "text": "usp_getHoodsforSellerItems",
        "user": "UC3FZ2LRZ",
        "ts": "1534023264.000020"
    },
    {
        "client_msg_id": "d46e71d4-f342-46ec-ab28-d5c70718d6f8",
        "type": "message",
        "text": "@selleritemid",
        "user": "UC3FZ2LRZ",
        "ts": "1534023273.000039"
    },
    {
        "client_msg_id": "4d9a79c7-e4a0-423b-bc27-fe50ff76f20d",
        "type": "message",
        "text": "Microsoft.EntityFrameworkCore.Relational",
        "user": "UC3FZ2LRZ",
        "ts": "1534023823.000008"
    },
    {
        "client_msg_id": "5d5931a9-3587-459d-928c-0bfb85bfb8e4",
        "type": "message",
        "text": "03494c33-9c85-45ba-89d3-886758931e09",
        "user": "UC3FZ2LRZ",
        "ts": "1534024099.000002"
    }
]