[
    {
        "id": "CC33LR3T3",
        "name": "random",
        "created": "1533580865",
        "creator": "UC3FZ2LRZ",
        "is_archived": false,
        "is_general": false,
        "members": [
            "UC2U9EAFJ",
            "UC3FZ2LRZ",
            "UC5AD4JFK",
            "UCARJSUJH"
        ],
        "topic": {
            "value": "Non-work banter and water cooler conversation",
            "creator": "UC3FZ2LRZ",
            "last_set": "1533580865"
        },
        "purpose": {
            "value": "A place for non-work-related flimflam, faffing, hodge-podge or jibber-jabber you'd prefer to keep out of more focused work-related channels.",
            "creator": "UC3FZ2LRZ",
            "last_set": "1533580865"
        }
    },
    {
        "id": "CC3KY17H8",
        "name": "general",
        "created": "1533580865",
        "creator": "UC3FZ2LRZ",
        "is_archived": false,
        "is_general": true,
        "members": [
            "UC2U9EAFJ",
            "UC3FZ2LRZ",
            "UC5AD4JFK",
            "UCARJSUJH"
        ],
        "topic": {
            "value": "Company-wide announcements and work-based matters",
            "creator": "UC3FZ2LRZ",
            "last_set": "1533580865"
        },
        "purpose": {
            "value": "This channel is for workspace-wide communication and announcements. All members are in this channel.",
            "creator": "UC3FZ2LRZ",
            "last_set": "1533580865"
        }
    },
    {
        "id": "CC4VA64UE",
        "name": "neighourfood",
        "created": "1533581022",
        "creator": "UC2U9EAFJ",
        "is_archived": false,
        "is_general": false,
        "members": [
            "UC2U9EAFJ",
            "UC3FZ2LRZ",
            "UC5AD4JFK",
            "UCARJSUJH"
        ],
        "topic": {
            "value": "",
            "creator": "",
            "last_set": "0"
        },
        "purpose": {
            "value": "",
            "creator": "",
            "last_set": "0"
        }
    },
    {
        "id": "CHPD6UYDU",
        "name": "transformers",
        "created": "1554367120",
        "creator": "UC3FZ2LRZ",
        "is_archived": false,
        "is_general": false,
        "members": [
            "UC3FZ2LRZ"
        ],
        "topic": {
            "value": "",
            "creator": "",
            "last_set": "0"
        },
        "purpose": {
            "value": "",
            "creator": "",
            "last_set": "0"
        }
    }
]