[
    {
        "user_id": "UC3FZ2LRZ",
        "user_name": "mitin.dixit",
        "date": "1554187327",
        "change_type": "updated",
        "service_id": "594200462976",
        "service_type": "Google Drive",
        "scope": "files:write:user"
    },
    {
        "user_id": "UC3FZ2LRZ",
        "user_name": "mitin.dixit",
        "date": "1554187305",
        "change_type": "updated",
        "service_id": "594200462976",
        "service_type": "Google Drive",
        "scope": "files:write:user"
    },
    {
        "user_id": "UC3FZ2LRZ",
        "user_name": "mitin.dixit",
        "date": "1554187168",
        "change_type": "added",
        "app_type": "Google Drive",
        "app_id": "A6NL8MJ6Q",
        "scope": "identify,bot,channels:read,files:read,team:read,users:read,users:read.email,chat:write:bot,links:read"
    },
    {
        "user_id": "UC3FZ2LRZ",
        "user_name": "mitin.dixit",
        "date": "1554187161",
        "change_type": "added",
        "service_id": "594200462976",
        "service_type": "Google Drive",
        "scope": "files:write:user"
    },
    {
        "user_id": "UC3FZ2LRZ",
        "user_name": "mitin.dixit",
        "date": "1554187144",
        "change_type": "removed",
        "service_id": "594200152576",
        "service_type": "Microsoft OneDrive",
        "scope": "files:write:user"
    },
    {
        "user_id": "UC3FZ2LRZ",
        "user_name": "mitin.dixit",
        "date": "1554187134",
        "change_type": "added",
        "service_id": "594200152576",
        "service_type": "Microsoft OneDrive",
        "scope": "files:write:user"
    },
    {
        "user_id": "UCARJSUJH",
        "user_name": "amanrajg",
        "date": "1534535463",
        "change_type": "added",
        "app_type": "Trello",
        "app_id": "A074YH40Z",
        "scope": "identify,bot,commands,channels:history,groups:history,im:history,mpim:history,channels:read,emoji:read,groups:read,mpim:read,reminders:read,search:read,stars:read,team:read,users:read,users:read.email,chat:write:user,chat:write:bot,im:write,reminders:write"
    }
]