[
    {
        "id": "UC2U9EAFJ",
        "team_id": "TC3Q01X7X",
        "name": "architmmmec",
        "deleted": false,
        "color": "4bbe2e",
        "real_name": "Archit Agarwal",
        "tz": "Asia\/Kolkata",
        "tz_label": "India Standard Time",
        "tz_offset": 19800,
        "profile": {
            "title": "",
            "phone": "",
            "skype": "",
            "real_name": "Archit Agarwal",
            "real_name_normalized": "Archit Agarwal",
            "display_name": "Archit",
            "display_name_normalized": "Archit",
            "fields": null,
            "status_text": "",
            "status_emoji": "",
            "status_expiration": 0,
            "avatar_hash": "g912cbe3fadb",
            "image_24": "https:\/\/secure.gravatar.com\/avatar\/912cbe3fadb91a9681b52bf862849562.jpg?s=24&d=https%3A%2F%2Fa.slack-edge.com%2F00b63%2Fimg%2Favatars%2Fava_0015-24.png",
            "image_32": "https:\/\/secure.gravatar.com\/avatar\/912cbe3fadb91a9681b52bf862849562.jpg?s=32&d=https%3A%2F%2Fa.slack-edge.com%2F00b63%2Fimg%2Favatars%2Fava_0015-32.png",
            "image_48": "https:\/\/secure.gravatar.com\/avatar\/912cbe3fadb91a9681b52bf862849562.jpg?s=48&d=https%3A%2F%2Fa.slack-edge.com%2F00b63%2Fimg%2Favatars%2Fava_0015-48.png",
            "image_72": "https:\/\/secure.gravatar.com\/avatar\/912cbe3fadb91a9681b52bf862849562.jpg?s=72&d=https%3A%2F%2Fa.slack-edge.com%2F00b63%2Fimg%2Favatars%2Fava_0015-72.png",
            "image_192": "https:\/\/secure.gravatar.com\/avatar\/912cbe3fadb91a9681b52bf862849562.jpg?s=192&d=https%3A%2F%2Fa.slack-edge.com%2F00b63%2Fimg%2Favatars%2Fava_0015-192.png",
            "image_512": "https:\/\/secure.gravatar.com\/avatar\/912cbe3fadb91a9681b52bf862849562.jpg?s=512&d=https%3A%2F%2Fa.slack-edge.com%2F00b63%2Fimg%2Favatars%2Fava_0015-512.png",
            "status_text_canonical": "",
            "team": "TC3Q01X7X"
        },
        "is_admin": false,
        "is_owner": false,
        "is_primary_owner": false,
        "is_restricted": false,
        "is_ultra_restricted": false,
        "is_bot": false,
        "is_app_user": false,
        "updated": 1533580946
    },
    {
        "id": "UC3FZ2LRZ",
        "team_id": "TC3Q01X7X",
        "name": "mitin.dixit",
        "deleted": false,
        "color": "9f69e7",
        "real_name": "Mitin",
        "tz": "Asia\/Kolkata",
        "tz_label": "India Standard Time",
        "tz_offset": 19800,
        "profile": {
            "title": "",
            "phone": "",
            "skype": "",
            "real_name": "Mitin",
            "real_name_normalized": "Mitin",
            "display_name": "Dixit",
            "display_name_normalized": "Dixit",
            "fields": null,
            "status_text": "",
            "status_emoji": "",
            "status_expiration": 0,
            "avatar_hash": "gdf461d455b4",
            "image_24": "https:\/\/secure.gravatar.com\/avatar\/df461d455b413c36740983817d48e6fc.jpg?s=24&d=https%3A%2F%2Fa.slack-edge.com%2F00b63%2Fimg%2Favatars%2Fava_0026-24.png",
            "image_32": "https:\/\/secure.gravatar.com\/avatar\/df461d455b413c36740983817d48e6fc.jpg?s=32&d=https%3A%2F%2Fa.slack-edge.com%2F00b63%2Fimg%2Favatars%2Fava_0026-32.png",
            "image_48": "https:\/\/secure.gravatar.com\/avatar\/df461d455b413c36740983817d48e6fc.jpg?s=48&d=https%3A%2F%2Fa.slack-edge.com%2F00b63%2Fimg%2Favatars%2Fava_0026-48.png",
            "image_72": "https:\/\/secure.gravatar.com\/avatar\/df461d455b413c36740983817d48e6fc.jpg?s=72&d=https%3A%2F%2Fa.slack-edge.com%2F00b63%2Fimg%2Favatars%2Fava_0026-72.png",
            "image_192": "https:\/\/secure.gravatar.com\/avatar\/df461d455b413c36740983817d48e6fc.jpg?s=192&d=https%3A%2F%2Fa.slack-edge.com%2F00b63%2Fimg%2Favatars%2Fava_0026-192.png",
            "image_512": "https:\/\/secure.gravatar.com\/avatar\/df461d455b413c36740983817d48e6fc.jpg?s=512&d=https%3A%2F%2Fa.slack-edge.com%2F00b63%2Fimg%2Favatars%2Fava_0026-512.png",
            "status_text_canonical": "",
            "team": "TC3Q01X7X"
        },
        "is_admin": true,
        "is_owner": true,
        "is_primary_owner": true,
        "is_restricted": false,
        "is_ultra_restricted": false,
        "is_bot": false,
        "is_app_user": false,
        "updated": 1533580865
    },
    {
        "id": "UC5AD4JFK",
        "team_id": "TC3Q01X7X",
        "name": "sucheta.panchhi",
        "deleted": false,
        "color": "e7392d",
        "real_name": "Sucheta",
        "tz": "Asia\/Kolkata",
        "tz_label": "India Standard Time",
        "tz_offset": 19800,
        "profile": {
            "title": "",
            "phone": "",
            "skype": "",
            "real_name": "Sucheta",
            "real_name_normalized": "Sucheta",
            "display_name": "sucheta",
            "display_name_normalized": "sucheta",
            "fields": null,
            "status_text": "",
            "status_emoji": "",
            "status_expiration": 0,
            "avatar_hash": "gd4bcecb8efa",
            "image_24": "https:\/\/secure.gravatar.com\/avatar\/d4bcecb8efa2737d8f27831b4e0ead18.jpg?s=24&d=https%3A%2F%2Fa.slack-edge.com%2F00b63%2Fimg%2Favatars%2Fava_0008-24.png",
            "image_32": "https:\/\/secure.gravatar.com\/avatar\/d4bcecb8efa2737d8f27831b4e0ead18.jpg?s=32&d=https%3A%2F%2Fa.slack-edge.com%2F00b63%2Fimg%2Favatars%2Fava_0008-32.png",
            "image_48": "https:\/\/secure.gravatar.com\/avatar\/d4bcecb8efa2737d8f27831b4e0ead18.jpg?s=48&d=https%3A%2F%2Fa.slack-edge.com%2F00b63%2Fimg%2Favatars%2Fava_0008-48.png",
            "image_72": "https:\/\/secure.gravatar.com\/avatar\/d4bcecb8efa2737d8f27831b4e0ead18.jpg?s=72&d=https%3A%2F%2Fa.slack-edge.com%2F00b63%2Fimg%2Favatars%2Fava_0008-72.png",
            "image_192": "https:\/\/secure.gravatar.com\/avatar\/d4bcecb8efa2737d8f27831b4e0ead18.jpg?s=192&d=https%3A%2F%2Fa.slack-edge.com%2F00b63%2Fimg%2Favatars%2Fava_0008-192.png",
            "image_512": "https:\/\/secure.gravatar.com\/avatar\/d4bcecb8efa2737d8f27831b4e0ead18.jpg?s=512&d=https%3A%2F%2Fa.slack-edge.com%2F00b63%2Fimg%2Favatars%2Fava_0008-512.png",
            "status_text_canonical": "",
            "team": "TC3Q01X7X"
        },
        "is_admin": false,
        "is_owner": false,
        "is_primary_owner": false,
        "is_restricted": false,
        "is_ultra_restricted": false,
        "is_bot": false,
        "is_app_user": false,
        "updated": 1533836104
    },
    {
        "id": "UCARJSUJH",
        "team_id": "TC3Q01X7X",
        "name": "amanrajg",
        "deleted": false,
        "color": "3c989f",
        "real_name": "Aman Raj",
        "tz": "Asia\/Kolkata",
        "tz_label": "India Standard Time",
        "tz_offset": 19800,
        "profile": {
            "title": "",
            "phone": "",
            "skype": "",
            "real_name": "Aman Raj",
            "real_name_normalized": "Aman Raj",
            "display_name": "",
            "display_name_normalized": "",
            "fields": null,
            "status_text": "",
            "status_emoji": "",
            "status_expiration": 0,
            "avatar_hash": "gb518b8a5003",
            "image_24": "https:\/\/secure.gravatar.com\/avatar\/b518b8a5003eb1a3e8dd91dc69433efe.jpg?s=24&d=https%3A%2F%2Fa.slack-edge.com%2F00b63%2Fimg%2Favatars%2Fava_0002-24.png",
            "image_32": "https:\/\/secure.gravatar.com\/avatar\/b518b8a5003eb1a3e8dd91dc69433efe.jpg?s=32&d=https%3A%2F%2Fa.slack-edge.com%2F00b63%2Fimg%2Favatars%2Fava_0002-32.png",
            "image_48": "https:\/\/secure.gravatar.com\/avatar\/b518b8a5003eb1a3e8dd91dc69433efe.jpg?s=48&d=https%3A%2F%2Fa.slack-edge.com%2F00b63%2Fimg%2Favatars%2Fava_0002-48.png",
            "image_72": "https:\/\/secure.gravatar.com\/avatar\/b518b8a5003eb1a3e8dd91dc69433efe.jpg?s=72&d=https%3A%2F%2Fa.slack-edge.com%2F00b63%2Fimg%2Favatars%2Fava_0002-72.png",
            "image_192": "https:\/\/secure.gravatar.com\/avatar\/b518b8a5003eb1a3e8dd91dc69433efe.jpg?s=192&d=https%3A%2F%2Fa.slack-edge.com%2F00b63%2Fimg%2Favatars%2Fava_0002-192.png",
            "image_512": "https:\/\/secure.gravatar.com\/avatar\/b518b8a5003eb1a3e8dd91dc69433efe.jpg?s=512&d=https%3A%2F%2Fa.slack-edge.com%2F00b63%2Fimg%2Favatars%2Fava_0002-512.png",
            "status_text_canonical": "",
            "team": "TC3Q01X7X"
        },
        "is_admin": false,
        "is_owner": false,
        "is_primary_owner": false,
        "is_restricted": false,
        "is_ultra_restricted": false,
        "is_bot": false,
        "is_app_user": false,
        "updated": 1534531180
    },
    {
        "id": "UCC33RM8W",
        "team_id": "TC3Q01X7X",
        "name": "trello",
        "deleted": false,
        "color": "674b1b",
        "real_name": "trello",
        "tz": "America\/Los_Angeles",
        "tz_label": "Pacific Daylight Time",
        "tz_offset": -25200,
        "profile": {
            "title": "",
            "phone": "",
            "skype": "",
            "real_name": "trello",
            "real_name_normalized": "trello",
            "display_name": "",
            "display_name_normalized": "",
            "fields": null,
            "status_text": "",
            "status_emoji": "",
            "status_expiration": 0,
            "avatar_hash": "589450399e52",
            "bot_id": "BCBPQEAS3",
            "api_app_id": "A074YH40Z",
            "always_active": true,
            "image_original": "https:\/\/avatars.slack-edge.com\/2018-08-17\/418770309906_589450399e5262d95eca_original.png",
            "image_24": "https:\/\/avatars.slack-edge.com\/2018-08-17\/418770309906_589450399e5262d95eca_24.png",
            "image_32": "https:\/\/avatars.slack-edge.com\/2018-08-17\/418770309906_589450399e5262d95eca_32.png",
            "image_48": "https:\/\/avatars.slack-edge.com\/2018-08-17\/418770309906_589450399e5262d95eca_48.png",
            "image_72": "https:\/\/avatars.slack-edge.com\/2018-08-17\/418770309906_589450399e5262d95eca_72.png",
            "image_192": "https:\/\/avatars.slack-edge.com\/2018-08-17\/418770309906_589450399e5262d95eca_192.png",
            "image_512": "https:\/\/avatars.slack-edge.com\/2018-08-17\/418770309906_589450399e5262d95eca_512.png",
            "image_1024": "https:\/\/avatars.slack-edge.com\/2018-08-17\/418770309906_589450399e5262d95eca_1024.png",
            "status_text_canonical": "",
            "team": "TC3Q01X7X",
            "is_custom_image": true
        },
        "is_admin": false,
        "is_owner": false,
        "is_primary_owner": false,
        "is_restricted": false,
        "is_ultra_restricted": false,
        "is_bot": true,
        "is_app_user": false,
        "updated": 1534535470
    },
    {
        "id": "UHG5WGKT2",
        "team_id": "TC3Q01X7X",
        "name": "googledrive",
        "deleted": false,
        "color": "e96699",
        "real_name": "Google Drive",
        "tz": "America\/Los_Angeles",
        "tz_label": "Pacific Daylight Time",
        "tz_offset": -25200,
        "profile": {
            "title": "",
            "phone": "",
            "skype": "",
            "real_name": "Google Drive",
            "real_name_normalized": "Google Drive",
            "display_name": "Google Drive",
            "display_name_normalized": "Google Drive",
            "fields": null,
            "status_text": "",
            "status_emoji": "",
            "status_expiration": 0,
            "avatar_hash": "47765730c9b2",
            "bot_id": "BHJHAC7QU",
            "api_app_id": "A6NL8MJ6Q",
            "always_active": true,
            "image_original": "https:\/\/avatars.slack-edge.com\/2019-04-01\/597692694007_47765730c9b25c32b6e0_original.png",
            "first_name": "Google",
            "last_name": "Drive",
            "image_24": "https:\/\/avatars.slack-edge.com\/2019-04-01\/597692694007_47765730c9b25c32b6e0_24.png",
            "image_32": "https:\/\/avatars.slack-edge.com\/2019-04-01\/597692694007_47765730c9b25c32b6e0_32.png",
            "image_48": "https:\/\/avatars.slack-edge.com\/2019-04-01\/597692694007_47765730c9b25c32b6e0_48.png",
            "image_72": "https:\/\/avatars.slack-edge.com\/2019-04-01\/597692694007_47765730c9b25c32b6e0_72.png",
            "image_192": "https:\/\/avatars.slack-edge.com\/2019-04-01\/597692694007_47765730c9b25c32b6e0_192.png",
            "image_512": "https:\/\/avatars.slack-edge.com\/2019-04-01\/597692694007_47765730c9b25c32b6e0_512.png",
            "image_1024": "https:\/\/avatars.slack-edge.com\/2019-04-01\/597692694007_47765730c9b25c32b6e0_1024.png",
            "status_text_canonical": "",
            "team": "TC3Q01X7X",
            "is_custom_image": true
        },
        "is_admin": false,
        "is_owner": false,
        "is_primary_owner": false,
        "is_restricted": false,
        "is_ultra_restricted": false,
        "is_bot": true,
        "is_app_user": false,
        "updated": 1554187305
    }
]