[
    {
        "user": "UCARJSUJH",
        "type": "message",
        "subtype": "channel_join",
        "ts": "1534531180.000200",
        "text": "<@UCARJSUJH> has joined the channel"
    },
    {
        "client_msg_id": "9aebdf44-339e-4c3a-9b61-243a56febf35",
        "type": "message",
        "text": "email - <mailto:amanrajg@gmail.com|amanrajg@gmail.com>",
        "user": "UCARJSUJH",
        "ts": "1534531322.000100",
        "thread_ts": "1534531322.000100",
        "reply_count": 2,
        "reply_users_count": 1,
        "latest_reply": "1554367363.000300",
        "reply_users": [
            "UC3FZ2LRZ"
        ],
        "replies": [
            {
                "user": "UC3FZ2LRZ",
                "ts": "1554367356.000100"
            },
            {
                "user": "UC3FZ2LRZ",
                "ts": "1554367363.000300"
            }
        ],
        "reactions": [
            {
                "name": "+1",
                "users": [
                    "UC3FZ2LRZ"
                ],
                "count": 1
            }
        ]
    }
]