[
    {
        "user": "UC3FZ2LRZ",
        "type": "message",
        "subtype": "channel_join",
        "ts": "1533580865.000073",
        "text": "<@UC3FZ2LRZ> has joined the channel"
    },
    {
        "client_msg_id": "82b18a7c-04af-4773-a2fc-3e3ac004492c",
        "type": "message",
        "text": "<https:\/\/medium.com\/@austinhale\/building-a-mobile-app-in-10-days-with-react-native-c2a7a524c6b4>",
        "user": "UC3FZ2LRZ",
        "ts": "1533580939.000187",
        "attachments": [
            {
                "service_name": "Medium",
                "title": "Building a Mobile App in 10 Days with React Native – Austin Hale – Medium",
                "title_link": "https:\/\/medium.com\/@austinhale\/building-a-mobile-app-in-10-days-with-react-native-c2a7a524c6b4",
                "text": "Note: This is an ongoing series of blog posts detailing how we made an iOS &amp; Android mobile app in 10 days. Feel free to follow me here or…",
                "fallback": "Medium: Building a Mobile App in 10 Days with React Native – Austin Hale – Medium",
                "image_url": "https:\/\/cdn-images-1.medium.com\/max\/1200\/1*gyr5EOhxd17hPf5SY_KXYA.jpeg",
                "fields": [
                    {
                        "title": "Reading time",
                        "value": "6 min read",
                        "short": true
                    }
                ],
                "ts": 1520723923,
                "from_url": "https:\/\/medium.com\/@austinhale\/building-a-mobile-app-in-10-days-with-react-native-c2a7a524c6b4",
                "image_width": 741,
                "image_height": 250,
                "image_bytes": 129867,
                "service_icon": "https:\/\/cdn-images-1.medium.com\/fit\/c\/304\/304\/1*8I-HPL0bfoIzGied-dzOvA.png",
                "id": 1,
                "original_url": "https:\/\/medium.com\/@austinhale\/building-a-mobile-app-in-10-days-with-react-native-c2a7a524c6b4"
            }
        ]
    },
    {
        "user": "UC2U9EAFJ",
        "type": "message",
        "subtype": "channel_join",
        "ts": "1533580946.000367",
        "text": "<@UC2U9EAFJ> has joined the channel"
    }
]