[
    {
        "client_msg_id": "14de2ea3-8815-4c36-bf84-ccccf0ffbebd",
        "type": "message",
        "text": "wooww",
        "user": "UC3FZ2LRZ",
        "ts": "1554367356.000100",
        "thread_ts": "1534531322.000100",
        "parent_user_id": "UCARJSUJH"
    },
    {
        "client_msg_id": "79e09cff-5e51-4d2c-a45c-129319b088e5",
        "type": "message",
        "text": "nice",
        "user": "UC3FZ2LRZ",
        "ts": "1554367363.000300",
        "thread_ts": "1534531322.000100",
        "parent_user_id": "UCARJSUJH",
        "reactions": [
            {
                "name": "smiley",
                "users": [
                    "UC3FZ2LRZ"
                ],
                "count": 1
            }
        ]
    }
]